biancollelli-arlequin-gentilhomme,dufresny-depart-des-comediens,Score
"('#colombine', 'Allons, maître faquin, dénichez promptement. ')",-,0.0
"('#pierrot', ""C'est ainsi que l'on traite un méchant garnement,  Hors d'ici... "")",-,0.0
"('#arlequin', 'Modérez cette brusque colère,  Monsieur, que votre main soit un peu plus légère,  Et vous, Madame, ayez plus de compassion,  Vous pourriez bien me faire une contusion,  Je ne vis de mes jours femme plus violente,  Qui connaît mieux que moi votre humeur turbulente ? ')",-,0.0
"('#colombine', ""Je ferais beaucoup mieux de te remercier,  Et te laisser gratis vider tout mon cellier,  Chez moi depuis trois mois tu prends ta nourriture,  J'ai voulu te prêter dix écus sans usure,  Et tu ne songes pas encore à t'acquitter,  Demain je prendrai soin de te faire arrêter,  Une obscure prison sera ta récompense,  Si par le paiement tu n'obtiens ta quittance. "")",-,0.0
"('#arlequin', ""Vous voulez en prison faire mettre Arlequin,  Je n'y resterai pas je suis trop libertin."")",-,0.0
"('#pierrot', ""Bon, bon, quand une fois tu seras dans la cage,  Quoique tu sois porté pour le libertinage,  Tu ne sortiras pas pour t'aller promener,  Je te ferai mon cher, moi-même emprisonner,  Foi de Pierrot, hélas ! Quel serment effroyable  Cela me fait trembler/ "")",-,0.0
"('#arlequin', ""Vous êtes trop bon Diable,  Vous n'avez pas le coeur de me faire enfermer. "")",-,0.0
"('#pierrot', ""Oh si tu prenais l'air tu pourrais t'enrhumer,  Dans un cachot bien clos tu seras à ton aise. "")",-,0.0
"('#arlequin', ""Le cachot est mal sain et n'a rien qui me plaise,  D'ailleurs la solitude a pour moi peu d'appas. "")",-,0.0
"('#pierrot', 'Tu pourras converser avec Messieurs les rats,  Qui le jour et la nuit te tiendront compagnie. ')",-,0.0
"('#arlequin', ""La conversation sera, ma foi, jolie,  De grâce, cher Pierrot, soyez plus indulgent,  Le moyen de payer quand on est sans argent,  Je n'ai pas un denier, je me mets à la mode,  Et des gens du grand air j'observe la méthode,  Payer ce que l'on doit est du dernier bourgeois,  Mon ami, lui dit-on, venez une autre fois,  Il retourne, on lui tient toujours même langage,  Le pauvre malheureux fait en vain ce voyage.  L'homme de qualité qui ne veut point payer,  Conduit jusqu'aux degrés le morne créancier ;  C'est ainsi qu'aujourd'hui on acquitte ses dettes  Et Messieurs les Marchands sont traités en grisettes,  On leur trouve d'abord de merveilleux appas,  Quand on s'est servi l'on en fait peu de cas. "")",-,0.0
"('#colombine', 'Ta comparaison cloche, il faut me satisfaire. ')",-,0.0
"('#arlequin', ""L'honneur me le défend et je ne puis le faire,  J'ai le coeur noble et fier, connaissez Arlequin. "")",-,0.0
"('#pierrot', 'Vous êtes, je le sais, Gentilhomme faquin,  Mais du moins mon ami laissez-nous quelque gage. ')",-,0.0
"('#arlequin', ""Je ne puis vous donner qu'un morceau de fromage,  Que je garde avec soin depuis plus de dix ans,  Et je fais sur moi-même un effort des plus grands,  En vous abandonnant ce trésor plein de charmes  C'est lui seul dont le goût dissipe mes alarmes,  Lorsque je suis chagrin, inquiet, agité,  Je n'ai qu'à le sentir pour ma tranquillité.  Je le mets pour dormir la nuit sous ma paillasse  Et je ronfle en repos quelque bruit que l'on fasse  Quand même vingt canons péteraient à la fois,  Jamais malgré ce bruit je ne m'éveillerais.  Mais je vois bien qu'il faut répondre à votre envie,  Fromage de Milan, délice de ma vie,  Lénitif de mes maux, aimable cordial,  Rare et friand boucon, élixir pectoral,  Passez dans d'autres mains puisque du sort barbare,  L'injurieuse loi pour jamais nous sépare,  Recevez, cher Pierrot, ce bijou précieux,  Dont la perte de pleurs grossit mes petits yeux.  Il dit ce qui suit d'un ton tragique."")",-,0.0
"('#pierrot', ""Il est bon là ma foi, que veux-tu que j'en fasse ?  Cette plaisanterie est de mauvaise grâce,  Nous voulons de l'argent tout au plus tard demain,  Sinon sur le collet on te mettra la main,  Cherche un expédient pour te tirer d'affaire. "")",-,0.0
"('#colombine', ""Je te l'ai déjà dit, songe à me satisfaire  C'est le plus sûr moyen pour sortir d'embarras,  Il me faut du comptant. "")",-,0.0
"('#arlequin', ""Et n'en avez-vous pas ?  Pourquoi m'en demander ? "")",-,0.0
"('#pierrot', ""C'en est trop ventrebille,  J'entre en fureur, allons femme, rossons ce drille.  Pierrot et Colombine frappent Arlequin."")",-,0.0
"('#colombine', 'Pour moi je le veux bien je frappe de bon coeur. ')",-,0.0
"('#arlequin', ""Est-ce ainsi qu'aujourd'hui l'on traite un débiteur ?  Je recevrais le double avec grande constance,  Si de ce que je dois vous donniez quittance. "")",-,0.0
"('#pierrot', 'Oh, tu gagnerais trop, et moi je perdrais tout. ')",-,0.0
"('#arlequin', 'Par ma foi vous poussez ma complaisance à bout. ')",-,0.0
"('#colombine', ""Il nous faut de l'argent, adieu maligne bête. "")",-,0.0
"('#arlequin', 'Peut-on vous refuser, vous êtes trop honnête ? ')",-,0.0
"('#arlequin', ""Je me trouve à présent dans un piteux état,  Que ferai-je ? Endossons un habit de soldat...  Non pas c'est mal penser, le canon m'épouvante  Ce bruit alarme trop mon oreille tremblante,  D'ailleurs je ne prétends courir aucun hasard,  Car la valeur et moi, nous faisons pot à part.  Choisissons un métier lucratif et facile,  Où je puisse accorder l'agréable et l'utile ;  Celui de ne rien faire est un emploi charmant,  Morbleu que je saurais l'exercer noblement !  Mais pour le soutenir quoiqu'il puisse me plaire  Il faut avoir du fond, ce n'est pas mon affaire.  Faisons-nous Avocat, c'est un joli métier,  Il ne faut que mentir, supposer et crier,  Dire des faussetés, car c'est là la méthode,  Citer mal à propos un passage du code...  Non, non, il faut longtemps arpenter le Palais,  Avant que les plaideurs tombent dans les filets.  Devenons Procureur... j'ai trop de conscience  Il faut pour chicaner beaucoup d'expérience.  Financier... cet emploi partout est révéré,  Non celui de Jasmin est son premier degré.  Médecin ou Bourreau l'un vaut l'autre, il n'importe,  Je renonce à ce nom, ou le Diable m'emporte,  J'ai le coeur trop humain, et je ne pourrais pas  Voir chérir l'ignorant et vivre du trépas.  La charge de voleur me serait convenable,  Je suis adroit, subtil, alerte comme un Diable.  Je suis fou d'aspirer au titre de voleur,  Puisque je ne veux pas devenir Procureur.  Que choisirai-je donc pour sortir de misère ?  Item il faut manger la chose est nécessaire,  Devenons Procureur... j'ai trop de conscience  Il faut pour chicaner beaucoup d'expérience.  Financier... cet emploi partout est révéré,  . . . . . . . . . . . .  Faisons-nous bel esprit, il est beau d'être auteur...  Encore moins, j'aime mieux l'emploi de crocheteur.  En voici la raison. Dans le siècle où nous sommes,  Les savants sont toujours de misérables hommes,  Qu'ils fassent de beaux vers, ils n'en sont pas moins gueux,  Et l'heure du dîner ne sonne pas pour eux.  Mais un bon crocheteur après son rude ouvrage  Trouve dans son taudis, son bouilli, son potage.  Juvénal nous apprend qu'un poète fameux  Quoiqu'il soit estimé n'en est pas plus heureux. "")",-,0.0
"('#geronte', ""Tous mes voeux sont comblés, et ma joie est extrême  D'avoir pu contenter une fille que j'aime.  J'ai pour elle fait choix d'un époux accompli,  Qu'elle aimera sans doute étant bien fait, poli,  Enfin je m'applaudis d'avoir un pareil gendre,  C'est le fils de Damon, on le nomme Léandre.  Chacun connaît son bien et sa condition,  Son père est pour le moins riche d'un million. "")",-,0.0
"('#le-docteur', ""Permettez, cher ami, que je vous félicite  Je ne puis qu'admirer votre sage conduite,  Comme je suis votre seul confident,  Je vous ai reconnu pour un homme prudent.  Le juste ciel protège un père de famille,  Quand avec avantage il établit sa fille,  La fortune m'a moins favorisé que vous,  J'attends de jour en jour pour la mienne un époux  Il est, je l'avouerai, moins riche que Léandre,  Mais d'un engagement je n'ai pu me défendre,  C'est le fils de Philinte, homme de qualité,  Avec ce bon vieillard j'ai déjà contracté.  Il ne peut lui donner que mille écus de rente,  Quoiqu'il en soit ma fille en doit être contente.  La vôtre jouira d'un plus heureux destin,  Ce choix avantageux rend son bonheur certain  Il réussit en tout au gré de son envie,  Sa fille pouvait-elle être mieux établie !  Bas."")",-,0.0
"('#geronte', ""Un mari jeune, aimable, et de plus opulent,  A pour charmer sa femme un merveilleux talent  Enfin tout est conclu je n'ai plus rien à craindre  Vous de votre côté vous n'êtes pas à plaindre,  Dans nos projets formés nous sommes fort heureux,  Cette affaire nous va rajeunir tous les deux.  Mais j'ose vous prier de me rendre un service. "")",-,0.0
"('#le-docteur', 'Ne me pas éprouver est me faire injustice. ')",-,0.0
"('#geronte', ""De meubles je n'ai pas grande provision,  Vous savez que jamais je n'eus d'ambition,  J'ai toujours pris plaisir à garder ma finance,  Dans la crainte de faire une folle dépense.  Pour recevoir mon gendre un peu plus noblement,  Je voudrais lui meubler un grand appartement,  J'aurais besoin d'un lit, d'une tapisserie,  De vases, de miroirs, prêtez-moi je vous prie. "")",-,0.0
"('#le-docteur', ""Disposez librement de toute ma maison,  J'ai des meubles chez moi pour plus d'une saison,  Envoyez-moi des gens pour porter le bagage  Et si vous en voulez encore davantage,  Croyez que j'ai, mon cher, de quoi vous contenter,  Et sur moi vous pouvez entièrement compter. "")",-,0.0
"('#scaramouche', 'Quel vertigo vous prend, mon très illustre maître,  Vous demeurez ici sans vous faire connaître,  Géronte vous attend, que ne le voyez-vous ? ')",-,0.0
"('#leandre', ""Hélas ! Il troublerait les plaisirs les plus doux,  J'adore, tu le sais, la charmante Isabelle,  Ne blâmez point, mon cher, une flamme si belle. "")",-,0.0
"('#scaramouche', ""Je ne vous comprends pas, vous moquez-vous des gens ?  Peste des amoureux, ils perdent le bon sens :  Vous n'en usez pas bien, fi, fi, c'est une honte  Vous devez épouser la fille de Géronte,  Vous partez de Paris remplis de ce dessein.  Je crois que vous venez pour lui donner la main  Et quand vous arrivez malgré votre parole,  Vous vous amourachez d'une petite folle ;  Monsieur, ce procédé me parait fort suspect,  Vous êtes un coquin, soit dit par respect. "")",-,0.0
"('#leandre', ""Tu condamnes en vain ma nouvelle tendresse,  Je ne puis aisément guérir de ma faiblesse,  Et malgré ma promesse un objet tout charmant  A dispensé mon coeur de son engagement.  Isabelle à ses lois tient mon âme asservie,  Et je sens qu'il faudra l'aimer toute ma vie  Quand Léonore aurait de plus puissants appas  Ses attraits de mon coeur ne triompheraient pas.  Quelque puisse être enfin le courroux de mon père,  J'attends sans m'alarmer l'effet de sa colère,  L'amour et la raison ne peuvent s'accorder. "")",-,0.0
"('#scaramouche', ""Vous cherchez vainement à me persuader,  Monsieur, vous vous ferez quelque méchante affaire,  Vous avez le minois un peu patibulaire,  Croyez-moi profitez de ma sage leçon,  J'en sais plus long que vous, je suis un vieux barbon.  Ce n'est que l'amitié qui pour vous m'intéresse  Les filles de tout temps ont gâté la jeunesse,  C'est un malin bétail, pour l'avoir écouté,  Je ne sais que trop bien ce qui m'en a coûté.  Çà, que de cet amour votre coeur se délivre,  Je vous guiderez bien, vous n'avez qu'à me suivre,  Je veux de votre esprit gouverner le vaisseau,  Car il pourrait fort bien s'en aller à vau-l'eau,  Comme un Pilote expert je prétends vous conduire,  Et de votre raison calfeutrer le navire. "")",-,0.0
"('#leandre', ""Termine ce discours, tes soins sont superflus,  J'en ai trop entendu, ne m'importune plus,  J'espère voir bientôt la charmante Isabelle,  Dans son appartement un rendez-vous m'appelle.  Adieu. "")",-,0.0
"('#scaramouche', 'Vous persistez dans cette opinion,  Et ne profitez pas de ma correction,  Ah ! Le franc scélérat. ')",-,0.0
"('#leandre', ""Quoique tu sois habile  Pour me faire changer ton soin est inutile.  Il s'en va."")",-,0.0
"('#scaramouche', ""Comme de ma morale il ne fait point de cas,  Mes préceptes savants ne le réforment pas ?  Morbleu, de quoi me sert ma rhétorique ?  Je parle bon français c'est de quoi je me pique  Malgré ce que je dis, le pendard, le vilain,  Refuse de m'entendre et va toujours son train ;  Quand je veux lui tracer une plus belle route,  Pour ne pas y marcher il dit qu'il a la goutte.  Hé bien petit coquin, fais comme tu l'entends,  Pour moi je t'abandonne à tes égarements. "")",-,0.0
"('#le-docteur', ""Vous n'avez qu'à porter ces meubles chez Géronte. "")",-,0.0
"('#le-crocheteur', ""A-t-il de quoi payer, je crains qu'il ne m'affronte ? "")",-,0.0
"('#le-docteur', ""Oh ! Vous ne risquez rien il est homme d'honneur.  . . . . . . . . . . . . "")",-,0.0
"('#arlequin', ""Maître Jacques prenez cette chaise percée,  D'une certaine odeur ma narine est blessée,  Et mon nez délicat s'en est formalisé. "")",-,0.0
"('#le-crocheteur', ""Pour un rien vous voilà d'abord scandalisé. "")",-,0.0
"('#arlequin', ""N'allez pas pour cela me faire une querelle,  Je sais bien que pour vous c'est une bagatelle,  Vous avez l'odorat faquin et roturier,  Mais pour le mien il craint de se mésallier.  J'ai vu chez le Docteur une vaste cuisine  Où je voudrais gratis calmer ma faim canine.  En m'approchant du feu dans deux larges chaudrons,  J'ai d'abord aperçu d'excellents macarons  Qui sur un clair brasier une flamme bien pure  Par leur bouillonnement faisaient un doux murmure,  Moi qui suis de Bergame où l'on en mange tant  Si j'en avais ma part que j'en serais content !  Ciel qui depuis longtemps connais ma gourmandise,  Ne m'abandonne pas dans ma belle entreprise,  Autorise en ce jour un innocent larcin,  Daigne me seconder dans ce noble dessein,  Ou si des deux chaudrons je ne suis pas le maître,  Fais qu'au moins sur un plat je puisse me repaître,  Les Crocheteurs entrent chez Géronte. "")",-,0.0
"('#octave', 'Nous voici, grâce au Ciel, arrivé à Lyon. ')",-,0.0
"('#mezzetin', ""Vous aurez en ce lieu de l'occupation,  Dans ce charmant pays les filles sont fringantes  Certaines quelquefois sont plus que complaisantes.  Je sais parbleu la carte et je puis me vanter  D'être des plus experts dans l'art de coqueter.  Au reste vous ferez ici très bonne chère,  Si vous aimez le vin, Lyon est votre affaire  Du matin jusqu'au soir les cabarets sont pleins. "")",-,0.0
"('#octave', ""Non je n'ai point formé de semblables desseins  La fille du Docteur que l'on nomme Isabelle,  Est la seule beauté qui dans ces lieux m'appelle,  Tu sais que de paris j'ai quitté le séjour  Pour unir, s'il se peut, l'hymen avec l'amour. "")",-,0.0
"('#mezzetin', ""Si pour les accorder vous fîtes ce voyage,  Vous pouvez repartir sans tarder davantage,  Ici comme à Paris l'époux n'est point amant,  Je sais Lyon par coeur j'en parle savamment. "")",-,0.0
"('#octave', ""Faut-il que sur les moeurs ta piquante critique,  À répandre son fiel incessamment s'applique ?  Ce n'est pas d'aujourd'hui que tu connais mon coeur,  Et j'aimerai toujours la fille du Docteur. "")",-,0.0
"('#mezzetin', ""Ô miracle d'amour ! Quel excès de constance ! "")",-,0.0
"('#octave', 'Je ne veux point céder à mon impatience,  Avant que de la voir cherchons un cabaret. ')",-,0.0
"('#mezzetin', ""J'y consens volontiers cet asile me plaît,  C'est dans ce beau réduit cette aimable retraite  Que Mezzetin jouit d'une douceur parfaite,  Toujours le cabaret ce lieu récréatif,  Contre le mauvais air fut un préservatif  Un antidote enfin... "")",-,0.0
"('#octave', 'Finis donc je te prie,  Et frappe promptement à cette hôtellerie. ')",-,0.0
"('#mezzetin', 'Holà ? ')",-,0.0
"('#colombine', 'Que voulez-vous ? ')",-,0.0
"('#mezzetin', ""Ah ! le joli tendron,  Êtes-vous du logis l'enseigne ou le bouchon ? "")",-,0.0
"('#colombine', 'Non je suis la maîtresse. ')",-,0.0
"('#mezzetin', 'Agréable mignonne,  Je gage que chez vous la pratique foisonne. ')",-,0.0
"('#colombine', 'Tenez un peu vos mains et sans gesticuler... ')",-,0.0
-,"('#arlequin', ""Déserts, affreux déserts, sombres loges, parterre,  Balcons inhabités, théâtre solitaire ;  Et vous fidèles bancs, qui seuls depuis six mois,  Demeurez attentifs à nos comiques voix ;  Je viens vous raconter les malheurs de ma bourse.  De ces malheurs, hélas ! Le printemps est la source.  Le cruel mois de Mai, qui devrait tous les ans  Fournir nos coquettes d'amants,  Les effarouche et les écarte :  Il n'est officier qui ne parte.  Ô renouveau fatal, qui fais couler nos pleurs !  Pendant qu'on voit briller les parterres de fleurs,  Le nôtre languissant, ne pousse  Que des chardons et de la mousse.  Oui, le printemps qui vient peupler les arbrisseaux  De mille différents oiseaux,  Dépeuple de plumets, théâtres et ruelles,  Et fait nicher les hirondelles  Tranquillement dans nos plafonds.  On voit reverdir les buissons,  Et sécher sur pied les grisettes.  Le printemps vient enfin désoler nos cassettes.  À ce mot, mon coeur se saisit. Déjà vox faucibus haesit.  Qu'êtes-vous devenus, jeunes foudres de guerre,  Qui triomphiez jadis dans ce vaste parterre ?  Hélas ! Je n'y vois plus  Ce doux flux et reflux  De têtes ondoyantes,  Qui rend en plein hiver nos moissons abondantes,  Quand le troupeau guerrier et terrestre et marin,  Vient piétiner notre terrain ;  En y semant quelques paroles,  Nous recueillons force pistoles.  À présent nous semons dans la concavité.  Notre voix n'y produit qu'un écho répété ;  Écho fatal, qui va jusques dans nos marmites  Prouver le vide aux parasites.  Je le prouverais au Docteur entêté,  Que ma bourse est vide en été.  Depuis six mois entiers, à peine le dimanche  Arlequin tire-t-il les frais de son éclanche.  Aussi faute d'émolument  On voit que le relâchement  Se met dans la troupe comique :  Mezzetin s'en va voyager,  Le docteur quitte la boutique,  Pasquariel nous fait enrager ;  Octave fait l'amour, et Cinthe a la colique :  Notre caissier s'endort en faisant la recette,  Et le portier lit la gazette.  Le théâtre représente une solitude. "")",0.0
-,"('#colombine', ""À quoi diantre s'amuse Arlequin, pendant que la troupe tient conseil sur les affaires présentes ?"")",0.0
-,"('#arlequin', ""Je racontais nos malheurs aux échos et aux bois d'alentour."")",0.0
-,"('#colombine', 'Tu ferais bien mieux de chercher quelque remède à nos maux.')",0.0
-,"('#arlequin', ""Hélas !  Nous sommes les malades, et voilà les médecins... Il n'y a que la quantité de médecins qui puisse guérir notre maladie. Montrant le parterre."")",0.0
-,"('#colombine', 'Nous prendrions notre mal en patience, si nous pouvions avoir ici tous les jours une consultation de cinq à six cents médecins.')",0.0
-,"('#arlequin', 'Oh, ces médecins-là ne sont pas si âpres aux consultations, que ceux de la faculté.')",0.0
-,"('#colombine', ""J'en sais bien la raison : c'est qu'on donne de l'argent à ceux-là ; et ceux-ci au contraire payent à la porte le droit de dire leur avis."")",0.0
-,"('#arlequin', ""C'est pour cela qu'ils le disent si librement."")",0.0
-,"('#colombine', ""Mon pauvre Arlequin, puisque la saison de l'été est si contraire au tempérament des comédiens, puisque nous sommes desséchés, atténués, languissants, agonisants ; en un mot puisque nous sommes abandonnés des médecins, il faut tirer le rideau, c'est-à-dire fermer notre théâtre, et prendre congé de la compagnie."")",0.0
-,"('#arlequin', ""Avant que de mourir, nous avons encore l'émétique, et la petite bagatelle que nous jouons sera peut-être un émétique salutaire."")",0.0
-,"('#colombine', ""Bagatelle.  L'émétique le plus fin n'a point de vertu en automne.  En un mot, il faut quitter le jeu quand il ne vaut pas la chandelle."")",0.0
-,"('#arlequin', ""Elle a raison : cette diable de chandelle brûle toujours, il n'y a qu'à l'éteindre. Il veut éteindre les chandelles. "")",0.0
-,"('#colombine', ""Doucement.  Ce n'est pas que, si on jouait la comédie à l'aveuglette, cela nous ferait peut-être venir plus de monde."")",0.0
-,"('#arlequin', ""Je le crois.  L'auditeur a plus d'attention quand il ne voit goutte."")",0.0
-,"('#colombine', ""Oui, mais j'aurais peur qu'on ne fût si recueilli dans les loges, que l'attention ne passât pas les barreaux.  Finissons la plaisanterie.  Tous nos acteurs sont résolus de quitter la comédie, et de faire valoir chacun leur petit talent en particulier.  Ils vont tous passet en revue devant toi, afin que tu choisisses avec qui tu veux t'associer. Elle s'en va. "")",0.0
-,"('#arlequin', 'La revue ne sera pas complète ; car nous avons bien des déserteurs.')",0.0
-,"('#leandre', ""Fasse son métier qui le saura.  Jeune fille trop sévère,  Honteux gascon, normand sincère  Jamais ne réussira.  Fasse son métier qui le saura.  La joueuse qui s'acquitte,  Le guerrier qui plaidera,  Laide guenon qui sollicite,  Jamais ne réussira.  Fasse son métier qui le saura. (bis) "")",0.0
-,"('#arlequin', 'Hé bien, quel parti avez-vous pris, monsieur Léandre ?')",0.0
-,"('#leandre', ""Pour moi, je crois qu'il est bon que chacun s'en tienne au métier de ses pères, quoi qu'en disent nos guerriers bourgeois.  Tu sais que dans notre famille nous sommes tous amoureux de père en fils, et comme j'excelle à ce métier-là, je vais montrer en ville à faire l'amour méthodiquement."")",0.0
-,"('#arlequin', ""Fi !  Il n'y a que la canaille qui s'amuse à faire l'amour.  Les grands seigneurs l'achètent tout fait."")",0.0
-,"('#leandre', ""Je sais qu'à présent l'amour est moins un métier qu'une marchandise ; mais enfin, il faut toujours de l'art pour tromper une jeune innocente avec de faux serments : pour fasciner les yeux d'une mère, en la mettant de toutes les parties de plaisir : pour donner le change à un rival, et gagner l'amitié et la confidence des maris qui ont de jolies femmes."")",0.0
-,"('#arlequin', ""Ma foi, on n'a pas besoin de leçons pour tout cela, et où l'art manque, on a recours à la nature."")",0.0
-,"('#leandre', ""Pauvre Arlequin, tu verras que nous aurons des écolières, si tu veux t'associer avec moi."")",0.0
-,"('#arlequin', 'Hé mais...  Je le veux bien, moi, à condition que vous composerez les règles, et moi je les exercerai ; quand les écolières en vaudront la peine, vous donnerez les premières leçons, et je donnerai les dernières.')",0.0
-,"('#leandre', 'Je vois bien que tu es un ignorant.  Quand les premières leçons sont bonnes, les dernières en dépendent.')",0.0
-,"('#arlequin', ""Ho, point, point ; chacun a son talent auprès des dames.  Celui-ci prélude galamment, celui-là entre en matière, l'autre en sort avec honneur.  Les petits abbés, par exemple, sont admirables pour ébaucher une conversation galante : mais vivent les officiers pour donner la dernière main."")",0.0
-,"('#leandre', ""Je vois bien que tu as de bons principes, et si tu veux t'associer avec moi, nous ferons bien valoir le commerce."")",0.0
-,"('#arlequin', ""Ma foi non.  Dans le commerce de tendresse les associés ne s'accordent guères, et chacun fait sa main de son côté, sans rien rapporter à la masse. Léandre s'en va. "")",0.0
-,"('#arlequin', ""Pour vous, monsieur, on dit que vous allez vivre de vos rentes.  Je voudrais bien m'associer avec vous, j'ai du talent pour cela : mais il est défendu à un comédien italien de se reposer avant l'âge de six vingt ans ; et ce n'est que par tolérance que Scaramouche s'est retiré à quatre-vingt-quatorze. Et vous, mademoiselle, qu'allez-vous devenir ? À la Chanteuse. "")",0.0
-,"('#la-chanteuse', ""Quand une fille,  Jeune et gentille,  Voudra,  Bientôt elle parviendra ;  J'en connais une,  Que la fortune  Jusques aux cieux élèvera,  Dans un nuage, à l'opéra."")",0.0
-,"('#arlequin', ""Oui, mais ces sortes d'élévations-là sont sujettes à d'étranges malheurs : qu'une corde manque, voilà la fortune par terre. Le Docteur et la Chanteuse se retirent. "")",0.0
-,"('#colombine', ""Les affaires de la troupe ne vont pas trop bien : mais heureusement j'ai du talent d'ailleurs."")",0.0
-,"('#pierrot', 'Que la comédie aille comme elle pourra, pour moi je serai toujours recherché des femmes pour mon bel esprit.')",0.0
-,"('#colombine', ""Une fille qui a du service, se tire toujours d'affaires dans le monde."")",0.0
-,"('#pierrot', ""Un homme qui a de l'entremetture et de l'entregent, ne saurait manquer de rien."")",0.0
-,"('#colombine', ""Arlequin, j'ai trouvé une bonne condition, veux-tu en être de moitié ?"")",0.0
-,"('#arlequin', 'Selon.')",0.0
-,"('#pierrot', ""Je m'en vais servir dans une bonne maison, je te veux faire mon aide de camp."")",0.0
-,"('#arlequin', 'Nous verrons.')",0.0
-,"('#colombine', 'Je suis reçue fille de chambre.')",0.0
-,"('#pierrot', ""Et moi valet d'antichambre."")",0.0
-,"('#colombine', 'Chez une femme.')",0.0
-,"('#arlequin', ""Fi !  Une femme servir une femme.  Il n'y a point de contraste là-dedans."")",0.0
-,"('#pierrot', 'Et moi chez une femme.')",0.0
-,"('#arlequin', 'Fort bien cela.')",0.0
-,"('#colombine', ""C'est une bourgeoise de la rue Saint-Denis."")",0.0
-,"('#pierrot', ""C'est une bourgeoise de la rue Saint-Denis aussi la mienne."")",0.0
-,"('#colombine', ""On l'appelle madame la marquise d'Argent-filé."")",0.0
-,"('#pierrot', ""D'Argent-filé ?  C'est justement la mienne."")",0.0
-,"('#colombine', 'Comment maraud, tu vas sur mes brisées ?')",0.0
-,"('#pierrot', ""C'est toi qui vas sur mon marché."")",0.0
-,"('#colombine', 'Tu es un flagorneur.')",0.0
-,"('#pierrot', 'Tu es une chercheuse...')",0.0
-,"('#arlequin', 'Là, là, là, doucement.')",0.0
-,"('#pierrot', ""Madame_la_Marquise m'a choisi à la mine, et elle m'a distingué par la propre personne. \n"")",0.0
-,"('#colombine', ""Et moi, j'y suis entrée de la main d'un joli homme."")",0.0
"('#mezzetin', 'Quoi vous ne voulez pas vous laisser cajoler ? ')","('#arlequin', ""Hé bien, vous la servirez tous deux.  C'est ton avantage, Colombine : et quand une dame a un valet de chambre, le service se fait mieux : la maîtresse est toujours de bonne humeur, et la fille de chambre est moins grondée."")",0.21910470724105835
"('#colombine', 'Encore ? Finissez-vous bientôt ce badinage ? ')","('#pierrot', ""Oui-da, il y a moyen de s'accommoder, aussi bien tu es délicate et fluette, tu ne peux pas tout faire : et je servirai, moi, pour la grosse besogne."")",0.14817284047603607
"('#octave', 'Coquin, veux-tu cesser ? ')","('#colombine', 'Tu serviras donc à la cuisine ?')",0.37352657318115234
"('#colombine', ""Monsieur est bien plus sage  Que ne l'imitez-vous ?  À Mezzetin."")","('#pierrot', ""Oh, il n'y a point de cuisine chez cette marquise-là."")",0.10339222848415375
"('#octave', 'Pouvez-vous me loger. ')","('#arlequin', ""C'est-à-dire que chacun porte son plat, et qu'on fait tout cuire en ville."")",0.06684073060750961
"('#mezzetin', ""La belle question, parbleu c'est l'outrager,  L'hôtesse là-dessus a le coeur fort tranquille,  Elle a de quoi loger la moitié de la ville,  Son cabaret, monsieur est vaste et spacieux,  Quand vous irez ailleurs vous ne serez pas mieux. "")","('#pierrot', ""J'aurais envie d'être portier, j'ai étudié pour cela : car un jour dans notre village, il me prit de quitter la robe pour l'épée ; j'étais bedeau, je me fis suisse. \n"")",0.3248516321182251
"('#colombine', ""Vous serez satisfait, vous n'avez rien à craindre,  Ceux qui viennent chez moi sont encore à se plaindre. "")","('#colombine', ""Si tu étais portier, tu emporterais tout le profit ; la porte d'une coquette est aussi lucrative que celle d'un juge."")",0.18677929043769836
"('#octave', 'Entrons.  Dans le temps que Colombine veut entrer avec Octave, Mezzetin la prend par le bras.')","('#arlequin', ""Vous pouvez partager l'emploi ; car chez les coquettes il doit toujours y avoir deux portes et deux escaliers.  Pendant que l'un entre par celle-ci, l'autre sort par celle-là."")",0.4303312301635742
"('#mezzetin', ""La belle hôtesse attendez un moment,  Et daignez soulager mon amoureux tourment,  À peine ai-je entrevu votre belle figure,  Que vos yeux dans mon coeur ont fait une blessure,  Si grande qu'un carrosse avec quatre coursiers,  Pourraient s'y promener et passer quoiqu'entiers,  Vous voyez que j'exprime assez bien ma tendresse,  Et comme maintenant vous êtes mon hôtesse,  Traitez-moi largement car j'ai grand appétit,  C'est pourquoi... "")","('#colombine', ""Mais le profit n'est pas égal : car celui qui entre, et qui meurt d'envie de voir Madame, paye grassement ; mais celui qui sort, voudrait souvent retenir ce qu'il a donné en entrant."")",0.44783884286880493
"('#colombine', 'Vous aurez bonne table et bon lit,  Il ne manque de rien chez moi je vous proteste. ')","('#arlequin', ""Cela est vrai.  Tel donne en entrant chez une coquette, qui aurait besoin qu'on lui donnât en sortant. \n"")",0.22463442385196686
"('#mezzetin', 'Avec le lit, la table il me faudrait autre chose. ')","('#colombine', ""Il n'y a qu'un mot qui serve.  Si tu veux, nous partagerons les profits et le service.  Je présiderai aux conversations secrètes ; toi, tu porteras les billets.  Je veillerai le jour..."")",0.17756900191307068
"('#colombine', 'Que voulez-vous de plus, je ne vous comprends pas. ')","('#pierrot', 'Je dormirai la nuit. \n')",0.035810403525829315
"('#mezzetin', ""Je fais, voyez-vous bien, plus que mes deux repas,  Je suis encore à jeun, et ma faim est extrême,  On ne peut l'assouvir qu'en me mettant à même.  Après un bon repas  Au gré de mon envie  Servez-moi, je vous prie,  De ces mets délicats  Ne m'entendez-vous pas.  . . . . . . . .  Il chante. Dans ce temps-là Pierrot arrive, et les écoute."")","('#colombine', ""J'aurai le profit du jeu, et toi tu fourniras les cartes.  Pour ce qui est des habits, je prendrai les jupes, et tu garderas les manteaux."")",0.2454514056444168
"('#colombine', ""Vous êtes trop goulu, comment vous contenter,  Je vous répondrai bien s'il ne tient qu'à chanter.  Elle chante sur le même air.  Ces mets si délicats  Sont-ils votre usage ?  Un si grand avantage  À tous ne convient pas  Car je veux des ducats. "")","('#pierrot', 'Je le veux bien. Pierrot et Colombine se retirent. ')",0.15571638941764832
"('#pierrot', ""Les mets que vous voulez  Me servent de pâture  Je ne mange autre chose,  Et quoique j'en sois saoul  Vous n'en tâterez pas.  Savez-vous mon ami que c'est là notre femme,  Et que Monsieur Pierrot est d'une humeur jalouse,  . . . . . . . . . . . . . . Si vous voulez loger dans notre cabaret.  Entrez-y vous aurez du vin blanc ou clairet,  Tel que vous le voudrez, mais laissez là ma femme.  À Mezzetin il dit."")","('#arlequin', ""Et vous monsieur le mystérieux, méditez-vous quelque chose d'utile pour votre fortune ?  Que prétendez-vous faire pour vous enrichir ?"")",0.31098872423171997
"('#colombine', 'Mon fils point de courroux. ')","('#octave', 'Moi ?  Rien.')",0.25696665048599243
"('#pierrot', ""Voyez la bonne lame  Tu voudrais sans savoir ni comment ni pourquoi,  Servir à ce Monsieur le même plat qu'à moi,  Il serait bientôt las d'un semblable ordinaire. "")","('#arlequin', 'Rien ?')",0.08865384757518768
"('#mezzetin', 'Un air libre et badin pourrait-il vous déplaire ?  Ah ! De grâce excusez. ')","('#octave', 'Rien du tout.')",0.14078348875045776
"('#pierrot', ""Allez, boutez dessus,  Je veux tout oublier mais n'y revenez plus. "")","('#arlequin', ""Faire rien serait un excellent emploi, s'il y avait des appointements."")",0.037504859268665314
"('#mezzetin', 'Pierrot es-tu fâché contre ta Colombine ?  Mon petit cupidon fais-moi meilleure mine. ')","('#octave', 'Je ne ferai rien, vous dis-je ; et si, je gagnerai plus que pas un de la troupe.')",0.07139945030212402
"('#pierrot', 'Je suis pris par mon faible, allons mets-là ta main,  Il le faut avouer je suis un bon humain. ')","('#arlequin', 'Apprenez-moi votre secret.')",0.19769160449504852
"('#colombine', ""Adieu mon cher Pierrot, je suis votre servante.  Elle s'en va."")","('#octave', ""Je me lèverai tous les jours à dix heures ; et de là jusqu'à midi, je tiendrai conseil à ma toilette sur les ajustements de l'habit du jour."")",0.18634851276874542
"('#mezzetin', ""L'époux est un magot et la femme est charmante. "")","('#arlequin', ""Oui : mais ces ajustements de l'habit du jour, où les prendrez-vous, si vous n'avez point de métier pour les gagner."")",0.1935368776321411
"('#pierrot', 'Voyez-vous devant moi comme elle file doux,  Dame je me fais craindre, allons entrez chez nous ? ')","('#octave', 'Où je les prendrai ?  Ah, ah ! Où je les prendrai !  Je vois bien que tu ne te connais pas en physionomie. Il rit.')",0.2781403660774231
"('#arlequin', ""C'en est fait, j'ai vaincu rien n'égale ma joie,  Je suis avec honneur chargé de cette proie,  Et malgré tous les soins des zélés marmitons,  Je triomphe aujourd'hui d'un plat de macarons  Dans ce lieu retiré j'aurai du moins la gloire,  De jouir en repos du fruit de ma victoire,  Aucun écornifleur ne viendra m'y troubler,  Et de ces macarons je pourrai me saouler.  Ils sont délicieux, ce beurre et ce fromage  Les rendent savoureux on ne peut davantage.  Mais qui peut interrompre ici mon appétit,  Quelqu'un vient, ô malheur, cachons-nous sous le lit.  Il se met à terre et commence à manger les macarons d'une manière toute comique. Il les mange avec précipitation et fait des lazzis tous plaisants. Il prend son plat et va se mettre sous le lit, où il mange toujours."")","('#arlequin', ""Ah, ah, je vous entends. C'est-à-dire, vous dépenserez les libéralités de quelque vieille dupe, qui se sera fort mal à propos coiffée de votre noire peau."")",0.325239896774292
"('#isabelle', ""Avec empressement j'attends mon cher Léandre,  En ce lieu chaque jour il a soin de se rendre,  L'amour qui nous permet des entretiens si doux  Nous marque également l'heure du rendez-vous  Et son exactitude à voir l'objet qu'il aime,  M'assure des transports de son ardeur extrême,  Mais je crois de l'entendre. "")","('#octave', 'À midi, je prendrai un consommé.  À...')",0.1808188259601593
"('#arlequin', ""Hélas c'est grand hasard  Si de mes macarons il ne prétend sa part. "")","('#arlequin', ""Je vous quitte de ce détail-là ; je sais par coeur le journal coquet d'un comédien distingué.  Mais, faites-vous réflexion que nous fermons le théâtre, et qu'en France on oublie bien vite ce qu'on n'a plus devant les yeux ?  Croyez-moi, quelque mérite qu'ait un acteur, il cesse de briller quand le théâtre ne le met plus en vogue."")",0.12304425239562988
"('#leandre', ""Guidé par mes soupirs je vous revois, Madame,  Vous ne pouvez douter de l'excès de ma flamme,  Trop heureux si l'amour qui me force à venir,  Voulait auprès de vous toujours me retenir :  Mais quand ce Dieu répond au beau feu qui me presse,  Hélas ! Que ces moments coulent avec vitesse,  À peine je me livre à ma félicité  Qu'il faut quitter d'abord un bien si souhaité. "")","('#octave', ""Je veux me retirer vous dis-je.  Le mérite le plus caché est celui que les dames recherchent avec le plus d'empressement."")",0.48446589708328247
"('#arlequin', ""Je ne quitterai pas mon plat de cette sorte,  Et je mangerai tout ou le Diable m'emporte. "")","('#arlequin', ""Il est certain négoce où l'on perd beaucoup en quittant boutique."")",0.2350265383720398
"('#isabelle', ""Mon tendre coeur soumis à l'empire amoureux  Également blessé brûle des plus beaux feux  Qu'il m'est doux de porter une si belle chaîne,  Et de m'abandonner au penchant qui m'entraîne  Mon père me destine en vain un autre époux,  Je ne veux pour mari qu'un amant tel que vous. "")","('#octave', ""On n'a que faire d'enseigne, quand on est bien achalandé."")",0.06960222870111465
"('#leandre', ""Mon bonheur est parfait et cet aveu m'enchante  Que dans ces sentiments votre âme soit constante,  N'admettons d'autres lois que celles de l'amour,  Et livrons-lui nos coeurs pour honorer sa cour.  Ah ! Si pour posséder un bien si plein de charmes  Un rival téméraire en vous rendant les armes,  Prétendait me ravir ce que j'aime le mieux  Il serait accablé sous mes coups furieux. "")","('#arlequin', ""Quand on trafique des colifichets, et qu'on n'a que des babioles à vendre, il faut étaler en place marchande pour en avoir le débit.  En un mot, je ne veux point m'associer avec vous."")",0.33331650495529175
"('#arlequin', ""Ciel ! Il parle de moi, que faut-il que je fasse ?  Morbleu qu'il vient de faire une laide grimace,  Sans doute on préparait pour lui ces macarons,  Je dois craindre pour moi de toutes les façons ;  Mais il a beau crier, car enfin pour les rendre  Il faut les digérer, il peut encore attendre. "")","('#octave', ""Va, va, je n'ai que faire de ta société ; je trouverai bien dans Paris quelque illustre associé qui m'apprendra le fin du commerce."")",0.3073698878288269
"('#le-docteur', 'Isabelle. ')","('#arlequin', ""À quel emploi vous destinez-vous, s'il vous plaît ?"")",0.08142078667879105
"('#isabelle', ""J'entends mon père, cachez-vous. "")","('#le-comedien', ""Moi ?  Je suis retenu auprès d'une comtesse."")",0.08009262382984161
"('#leandre', 'Où ? ')","('#arlequin', 'Est-ce en qualité de singe ou de doguin ?')",0.2661573588848114
"('#isabelle', 'Derrière le lit. ')","('#le-comedien', ""Non : c'est pour lui apprendre la langue."")",0.06218964233994484
"('#arlequin', ""Ne venez pas dessous,  Car nous n'y serions pas tous deux fort à notre aise.  Léandre se cache derrière le lit, Isabelle reste fort alarmée."")","('#arlequin', 'Hé, quelle langue ?  Grecque, latine, hébraïque, syriaque ?')",0.025088630616664886
"('#le-docteur', 'Je veux chercher partout. ')","('#le-comedien', ""Non, c'est la langue des mines agréables, gentilles, et mignonnes."")",0.08336556702852249
"('#arlequin', 'Ah ! Ne vous en déplaise  Ne cherchez pas ici. ')","('#arlequin', ""Le langage minaudier ?  Diable !  C'est une mère langue, une langue vivante : car les vieilles minaudent aussi volontiers que les jeunes.  Montrez-moi un peu le dictionnaire et la grammaire de cette langue-là."")",0.08710100501775742
"('#le-docteur', 'Peut-être sous le lit  Pourrais-je la trouver. ')","('#le-comedien', 'Le dictionnaire : le voilà. Il fait une grimace. ')",0.14504331350326538
"('#arlequin', ""Que Diable est-ce qu'il dit ? "")","('#arlequin', ""Voilà un dictionnaire d'une vilaine impression.  Faites-moi voir dans votre grammaire quelque dialogue entre une femme et un officier, qui se parlent d'une loge à l'autre. Le Comédien fait des grimaces épouvantables, tantôt d'un côté, tantôt de l'autre, pour marquer l'homme et la femme. "")",0.07616226375102997
"('#le-docteur', ""À la chercher partout il faut que je m'applique,  Je ne trouve point une épée à l'antique.  Je veux voir sous le lit. "")","('#arlequin', ""Fi, fi !  Arrêtez-vous, je n'en veux pas voir davantage.  Voulez-vous prendre un conseil d'ami ?  C'est de vous en aller à la campagne, et tâcher de vous louer pour épouvantail en quelque chènevière : car tant que vous resterez dans la troupe, vous volerez la part, et vous ferez fuir les spectateurs.  À le bien prendre, vous n'êtes propre à rien."")",0.29938483238220215
"('#arlequin', 'Hélas ! Je suis perdu,  Il va me découvrir.  Le Docteur cherche sous le lit et voit Arlequin.')","('#arlequin', ""Et vous, monsieur, qu'allez-vous faire ?"")",0.03940843790769577
"('#le-docteur', ""Juste ciel ! Qu'ai-je vu ?  Il fuit et ferme la porte de la chambre, Léandre quitte sa place et revient. "")","('#pasquariel', ""Je m'en vais avec ma soeur jouer l'opéra en vendange."")",0.1688215732574463
"('#le-docteur', 'Un homme sous le lit ! ')","('#arlequin', 'Comment donc ?')",0.1277398318052292
"('#arlequin', 'Excusez-moi de grâce  Je consens à payer mon écot et ma place. ')","('#mezzetin', ""Oui, monsieur.  Voyant qu'il n'y a plus rien à faire à la comédie, nous nous en allons jouer un opéra à la campagne.  Si vous voulez vous associer à nous, tenez, voilà toutes nos machines. Il montre une espèce de paravent que le comédien porte sur le dos, et qu'il pose à terre. "")",0.09985291957855225
"('#leandre', ""Apprends-moi le sujet qui t'amène en ces lieux,  Voleur ? "")","('#arlequin', ""J'irais volontiers avec vous, mais je ne sais pas la musique."")",0.15573489665985107
"('#arlequin', ""Oh ! Ventrebleu vous pourriez parler mieux,  Ce larcin est ma foi le premier de ma vie,  Mais de ces macarons j'avais si fort envie  Que j'ai dans la cuisine avec dextérité  Escroqué ce butin si longtemps souhaité  Je vais me retirer car j'ai la panse pleine  Je vous rendrai e plat n'en soyez pas en peine  Je ne le vendrai point car il n'est point d'argent. "")","('#pasquariel', ""Bon : et en faut-il savoir pour chanter à l'opéra ?  Nous ne la savons pas non plus, nous autres.  Nous avons mis Bellérophon sur les airs du pont-neuf : et si voulez être des nôtres, nous vous donnerons votre rôle, que vous chanterez à livre ouvert."")",0.2769246995449066
"('#leandre', 'Mais quel est ton emploi ? ')","('#arlequin', 'Et quel rôle me donnerez-vous ?')",0.49574849009513855
"('#arlequin', ""D'être fort indigent,  J'ai longtemps parcouru les états de la vie,  Et depuis ce matin j'ai pris la fantaisie  De choisir parmi tous celui de crocheteur,  Je me suis introduit chez Monsieur le Docteur,  Après avoir volé ce plat dans sa cuisine,  Pour assouvir la faim qui rongeait ma poitrine  Je me suis confiné dans cet appartement,  J'y mangeais en repos et fort gloutonnement,  Quand cette Demoiselle en ce lieu s'est rendue  Moi pour me dérober aussitôt à sa vue,  Et me mettre à couvert du tumulte et du bruit,  Je me suis tout tremblant retiré sous le lit  Vous avez entendu mon histoire tragique  Bien loin de me blâmer plaignez un famélique. "")","('#mezzetin', 'Celui de Bellérophon.  Tenez, le voilà.  Essayons pour voir.')",0.2017066776752472
"('#isabelle', ""Comment ferons-nous donc mon père ca venir ?  Léandre il n'est pas temps de nous entretenir,  Mais plutôt... "")","('#arlequin', ""Princesse, tout conspire à couronner ma flamme,  Sentez-vous le plaisir qui règne dans mon âme ?  Je le veux bien. Mezzetin embrasse Arlequin, et en l'embrassant lui attache son tablier aux épaules, ce qui forme un habit à la romaine. Arlequin, se trouvant habillé en Bellérophon chante sur l'air, Sur le pont d'Avignon."")",0.21504339575767517
"('#leandre', ""Dissipez cette frayeur extrême  Je viens d'imaginer un plaisant stratagème,  Donne-moi ton habit et tu prendras le mien.  À Arlequin."")","('#mezzetin', ""J'ai toujours partagé vos peines,  Je dois partager vos plaisirs."")",0.33731958270072937
"('#arlequin', ""Fi donc dans mon casaquin ne vous ira pas bien  Il faut pour le porter toute une autre encolure  Vous n'avez d'Arlequin ni gestes ni postures. "")","('#arlequin', ""Qu'un si doux aveu me doit plaire,  Qu'il rend mon destin glorieux ! "")",0.20401209592819214
"('#leandre', 'Dépêchons. ')","('#mezzetin', ""Quand ma bouche pourrait se taire  L'amour ferait parler mes yeux. "")",0.07847019284963608
"('#arlequin', ""J'y consens pour vous faire plaisir,  Quoique je perde au change, il faut vous obéir.  Ils se déshabillent tous deux, Arlequin met l'habit de Léandre, et Léandre celui d'Arlequin."")","('#arlequin', ""Reçois, reçois, grand Apollon,  Reçois, reçois, grand Apollon,  Reçois ce sacrifice ;  Fais que le ciel, fais que le ciel à nos voeux soit propice. Tout cela va fort bien : mais certaine Sténobée jalouse, pria Amisodar de prier tous les cinquante mille diables de former un monstre de peinture et de carton, pour dévorer Bellérophon.  Bellérophon va prier le roi, le roi prie le sacrificateur, le sacrificateur prie la pythie, la pythie prie l'oracle, l'oracle prie Apollon, Apollon prie le tonnerre, le tonnerre...  Mais voyons un peu le sacrifice. Mezzetin prenant la robe de chambre de Pasquariel, devient sacrificateur, et Pasquariel reste avec un habit de prêtresse, et donne une bouteille de vin à Mezzetin, qui chante sur l'air : Ami, ne quittons point Créteil."")",0.3724641799926758
"('#isabelle', 'Pourquoi vous déguiser, apprenez-moi Léandre. ')","('#arlequin', ""Il faut verser le vin sur l'animal."")",-0.0013736393302679062
"('#leandre', 'Cette ruse, Madame, est facile à comprendre.  Va derrière le lit, je veux rester ici.  À Arlequin.')","('#mezzetin', 'Quelle bête était-ce ?')",0.15417519211769104
"('#arlequin', 'Ce gentilhomme est fou, moi je le suis aussi. ')","('#arlequin', 'Un boeuf.')",0.0019424445927143097
"('#leandre', ""Ici dans un instant le docteur va se rendre  Me voyant cet habit il pourra se méprendre  Ainsi j'éviterai quelque éclaircissement,  Mais il vient, je saurai le tromper aisément. "")","('#mezzetin', ""Par ce vin que je trouve bon,  Apollon, faites-moi raison.  Au glou de ma bouteille,  Hé bien,  Les dieux prêtent l'oreille,  Vous m'entendez bien.  Boeuf ou âne, n'importe. Il boit et chante sur l'air : Vous m'entendez bien. "")",0.2777552306652069
"('#le-docteur', ""Secondez, mes amis la fureur qui m'inspire,  Arrêtez ce voleur... Hé bien que vas-tu dire ?  Parle, dans ma maison quel dessein t'a conduit ?  Réponds, pendard, pourquoi te cacher sous le lit ?  Les valets saisissent Léandre."")","('#la-pretresse', ""Chut, chut, gardez tous un silence extrême,  Je vois trembler le temple d'Apollon.  Il vous entend, il va parler lui-même.  Il va tonner à peu près sur le même ton,  Ton re lon, ton ton, tontaine, la tontaine, la ton ton.  On remue le paravent.  Le paravent s'ouvre. "")",0.4874933958053589
"('#leandre', ""Je ne suis pas, Monsieur, ce que vous pouvez croire,  Je vais vous raconter en deux mots mon histoire.  Je suis un crocheteur, victime de la faim,  Qu'ici son appétit n'a pas conduit en vain,  Un plat de macarons volés par prévoyance,  A soulagé les maux causés par l'abstinence,  Ici pour les manger je me suis introduit,  Et je me suis caché tout tremblant sous le lit. "")","('#arlequin', ""Un des fils de Neptune  Apaisera dit-on,  La déleste rancune ;  Mais il lui faut Nanon. Flon, flon, etc.  Pendant qu'Arlequin est derrière le paravent, on lui met un manteau royal. "")",0.36911147832870483
"('#isabelle', ""Mon père renvoyez ce pauvre misérable,  Ne le punissez point puisqu'il n'est pas coupable. "")","('#le-sacrificateur', 'Voici le Roi.')",0.21788696944713593
"('#le-docteur', ""Je plains ce malheureux, son sort me fait pitié  Il s'est auprès de nous assez justifié.  Va-t'en je te pardonne, et tu n'as rien à craindre,  Tu dis la vérité.  À Léandre."")","('#arlequin', ""Vous l'avez entendu, je n'ai rien à vous dire,  Je plains vos déplaisirs, avec vous j'en soupire :  Mais rien n'est préférable  Au repos de ces lieux.  Allez-vous-en au diable,  Soumettons-nous aux dieux. "")",0.4182718098163605
"('#leandre', ""J'ignore l'art de feindre. "")","('#le-sacrificateur', 'Le monstre redouble sa rage. Le voilà qui vient, sauvez-vous. Pasquariel se change en monstre. Arlequin jette son manteau royal, et paraît monté sur un cheval ailé, combat le monstre, et après un jeu de culbutes, la scène finit.')",0.06970925629138947
"('#le-docteur', 'Outre les macarons que tu viens de voler  Je veux bien de dix sols encore te régaler. ')","('#arlequin', ""Voilà qui est fait, je vais avec vous autres. Allons jouer l'opéra aux vendanges. Prenons auparavant congé de ces messieurs. Il montre les auditeurs. Ici tous les violons jouent, et tous les comédiens chantent ce qui suit. "")",0.2943150997161865
"('#leandre', ""L'honneur de vous servir est le bien où j'aspire. "")","('#arlequin', 'Adieu théâtre, adieu balcons.  Adieu loges, adieu parterre.')",0.12352435290813446
"('#le-docteur', 'Adieu mon pauvre enfant. ')","('#leandre', 'Adieu fillettes et garçons,  Plus assidus que père et mère. ')",0.2890397906303406
"('#leandre', ""Monsieur je me retire. Léandre s'en va et les valets rentrent."")","('#colombine', 'Dieu bons bourgeois de Paris  Qui veniez nous voir le dimanche.')",0.09184887260198593
"('#isabelle', 'Au gré de mes souhaits la fourbe a réussi. ')","('#mezzetin', 'Adieu femmes, dont les maris  Trouvaient ici leurs places franches. ')",0.321922242641449
"('#arlequin', 'Oui mais pour mon malheur je suis encore ici. ')","('#la-chanteuse', 'Adieu grands et petits collets,  Adieu gens de robe et finance.')",0.12425971776247025
"('#le-docteur', ""Qu'entends-je ? Que dit-on ? "")","('#pierrot', 'Vous pouvez vendre vos sifflets,  À tous les chaudronniers de France.')",0.045019857585430145
"('#isabelle', ""Rien mon père... Ah le traître !  S'il dit encore un mot il fera tout connaître.  Arlequin éternue fort."")","('#arlequin', ""Revenez tous encor demain,  Voir partir la troupe dolente.  Plus le parterre sera plein,  Plus la chose sera touchante.  Avant de nous séparer,  J'ai bien des choses à vous dire.  Si notre adieu vous fait pleurer,  Votre argent nous fera bien rire. "")",0.13339592516422272
